[{"id":1,"name":"Male","city":"Bongued"},
{"id":2,"name":"Female","city":"Duiwelskloof"},
{"id":3,"name":"Female","city":"Seboruco"},
{"id":4,"name":"Female","city":"Khirdalan"},
{"id":5,"name":"Male","city":"Agana Heights Village"},
{"id":6,"name":"Male","city":"Gameleira"},
{"id":7,"name":"Female","city":"Seixo da Beira"},
{"id":8,"name":"Female","city":"Jiamaying"},
{"id":9,"name":"Male","city":"Kralupy nad Vltavou"},
{"id":10,"name":"Male","city":"Tasīl"},
{"id":11,"name":"Female","city":"Bilicenii Vechi"},
{"id":12,"name":"Female","city":"Cajacay"},
{"id":13,"name":"Male","city":"Kallithéa"},
{"id":14,"name":"Male","city":"Zoushi"},
{"id":15,"name":"Female","city":"General Enrique Mosconi"},
{"id":16,"name":"Male","city":"Uzdin"},
{"id":17,"name":"Male","city":"Mari"},
{"id":18,"name":"Female","city":"Vischongo"},
{"id":19,"name":"Female","city":"Paccho"},
{"id":20,"name":"Male","city":"Juyuan"},
{"id":21,"name":"Female","city":"Qilong"},
{"id":22,"name":"Male","city":"Forestville"},
{"id":23,"name":"Female","city":"Uruzgān"},
{"id":24,"name":"Female","city":"Slovenska Bistrica"},
{"id":25,"name":"Female","city":"Al Başrah"},
{"id":26,"name":"Male","city":"Hulan"},
{"id":27,"name":"Male","city":"Beidao"},
{"id":28,"name":"Male","city":"Bharatpur"},
{"id":29,"name":"Female","city":"La Roche-sur-Yon"},
{"id":30,"name":"Male","city":"Banjar Tengah"},
{"id":31,"name":"Female","city":"Platičevo"},
{"id":32,"name":"Male","city":"Calimita"},
{"id":33,"name":"Female","city":"Besançon"},
{"id":34,"name":"Male","city":"Sampungu"},
{"id":35,"name":"Female","city":"Maracha"},
{"id":36,"name":"Male","city":"Babat"},
{"id":37,"name":"Male","city":"Cotmon"},
{"id":38,"name":"Female","city":"Lynchburg"},
{"id":39,"name":"Male","city":"Ciseuseupan"},
{"id":40,"name":"Female","city":"Mercedes"},
{"id":41,"name":"Male","city":"Aix-en-Provence"},
{"id":42,"name":"Male","city":"Cilangkap"},
{"id":43,"name":"Female","city":"Ilangay"},
{"id":44,"name":"Male","city":"Alta Gracia"},
{"id":45,"name":"Male","city":"Paraiso"},
{"id":46,"name":"Male","city":"Fornos"},
{"id":47,"name":"Male","city":"Pnikut"},
{"id":48,"name":"Female","city":"Chotcza"},
{"id":49,"name":"Female","city":"Casillas"},
{"id":50,"name":"Male","city":"Presidencia Roque Sáenz Peña"},
{"id":51,"name":"Male","city":"Jatiraya"},
{"id":52,"name":"Female","city":"Solna"},
{"id":53,"name":"Male","city":"Tanggung"},
{"id":54,"name":"Male","city":"San Alberto"},
{"id":55,"name":"Male","city":"Mogilany"},
{"id":56,"name":"Female","city":"Tuanzhou"},
{"id":57,"name":"Female","city":"Porvenir"},
{"id":58,"name":"Female","city":"Gulod"},
{"id":59,"name":"Female","city":"Şānūr"},
{"id":60,"name":"Female","city":"Gamut"},
{"id":61,"name":"Female","city":"Buenavista"},
{"id":62,"name":"Female","city":"Grimshaw"},
{"id":63,"name":"Male","city":"Dongjian"},
{"id":64,"name":"Male","city":"Lubuk Sikaping"},
{"id":65,"name":"Female","city":"Espírito Santo do Pinhal"},
{"id":66,"name":"Male","city":"Kribi"},
{"id":67,"name":"Female","city":"Benisheikh"},
{"id":68,"name":"Male","city":"Pokrovskoye"},
{"id":69,"name":"Female","city":"Mymensingh"},
{"id":70,"name":"Male","city":"Ḩāfiz̧ Moghul"},
{"id":71,"name":"Male","city":"Oeoh"},
{"id":72,"name":"Male","city":"Bojonglarang"},
{"id":73,"name":"Male","city":"Dayou"},
{"id":74,"name":"Female","city":"Gaowu"},
{"id":75,"name":"Male","city":"Nanling"},
{"id":76,"name":"Female","city":"New Mīrpur"},
{"id":77,"name":"Female","city":"Dongyang"},
{"id":78,"name":"Female","city":"Schiedam postbusnummers"},
{"id":79,"name":"Male","city":"Sal’sk"},
{"id":80,"name":"Male","city":"Ingenio"},
{"id":81,"name":"Female","city":"Bombon"},
{"id":82,"name":"Female","city":"Bualu"},
{"id":83,"name":"Female","city":"Rudo"},
{"id":84,"name":"Male","city":"Ushi"},
{"id":85,"name":"Female","city":"Vostochnyy"},
{"id":86,"name":"Female","city":"São Marcos da Serra"},
{"id":87,"name":"Female","city":"Centurion"},
{"id":88,"name":"Male","city":"Boujniba"},
{"id":89,"name":"Male","city":"Al Khārijah"},
{"id":90,"name":"Female","city":"Zhaoyuan"},
{"id":91,"name":"Male","city":"Zerkten"},
{"id":92,"name":"Male","city":"Pogag"},
{"id":93,"name":"Male","city":"Boguchwała"},
{"id":94,"name":"Male","city":"Toluviejo"},
{"id":95,"name":"Female","city":"Karditsomagoúla"},
{"id":96,"name":"Male","city":"Zehak"},
{"id":97,"name":"Male","city":"Yupiltepeque"},
{"id":98,"name":"Female","city":"Otterburn Park"},
{"id":99,"name":"Female","city":"Chernyshevsk"},
{"id":100,"name":"Male","city":"Samanco"},
{"id":101,"name":"Male","city":"Chaka"},
{"id":102,"name":"Male","city":"San Miguel"},
{"id":103,"name":"Male","city":"Xinmin"},
{"id":104,"name":"Female","city":"Nevesinje"},
{"id":105,"name":"Male","city":"Rio Claro"},
{"id":106,"name":"Female","city":"Jiangkou"},
{"id":107,"name":"Female","city":"Courbevoie"},
{"id":108,"name":"Male","city":"Tucumã"},
{"id":109,"name":"Female","city":"Hitiaa"},
{"id":110,"name":"Male","city":"Siso"},
{"id":111,"name":"Female","city":"Araci"},
{"id":112,"name":"Male","city":"Godong"},
{"id":113,"name":"Male","city":"Xiaxi"},
{"id":114,"name":"Male","city":"Artemisa"},
{"id":115,"name":"Male","city":"Dankunku"},
{"id":116,"name":"Female","city":"Orsay"},
{"id":117,"name":"Female","city":"Savannah"},
{"id":118,"name":"Female","city":"Izlake"},
{"id":119,"name":"Female","city":"Blawi"},
{"id":120,"name":"Male","city":"Lazarat"},
{"id":121,"name":"Female","city":"Janeng"},
{"id":122,"name":"Male","city":"Zgornje Bitnje"},
{"id":123,"name":"Male","city":"Ilandža"},
{"id":124,"name":"Male","city":"Sumbe"},
{"id":125,"name":"Male","city":"Qulaybīyah"},
{"id":126,"name":"Male","city":"Longwei"},
{"id":127,"name":"Female","city":"San Diego"},
{"id":128,"name":"Female","city":"Mweka"},
{"id":129,"name":"Female","city":"Nässjö"},
{"id":130,"name":"Male","city":"Tála"},
{"id":131,"name":"Male","city":"Buzhakan"},
{"id":132,"name":"Male","city":"Stockholm"},
{"id":133,"name":"Female","city":"Fernandópolis"},
{"id":134,"name":"Male","city":"Cotahuasi"},
{"id":135,"name":"Female","city":"Puerto Aisén"},
{"id":136,"name":"Male","city":"Redakodi"},
{"id":137,"name":"Female","city":"Ar Riqāmā"},
{"id":138,"name":"Female","city":"Nong Don"},
{"id":139,"name":"Male","city":"Ar Ruways"},
{"id":140,"name":"Female","city":"Guanlu"},
{"id":141,"name":"Female","city":"Shenavan"},
{"id":142,"name":"Male","city":"Pompéia"},
{"id":143,"name":"Male","city":"Beja"},
{"id":144,"name":"Male","city":"Zlonice"},
{"id":145,"name":"Male","city":"Uruzgān"},
{"id":146,"name":"Female","city":"Shanhaiguan"},
{"id":147,"name":"Female","city":"Novokhovrino"},
{"id":148,"name":"Female","city":"Kerikeri"},
{"id":149,"name":"Male","city":"Novyy Oskol"},
{"id":150,"name":"Male","city":"Issia"},
{"id":151,"name":"Female","city":"Xiangyang"},
{"id":152,"name":"Female","city":"Zghartā"},
{"id":153,"name":"Female","city":"Chunshui"},
{"id":154,"name":"Female","city":"Dłutów"},
{"id":155,"name":"Female","city":"Wólka Pełkińska"},
{"id":156,"name":"Female","city":"Oka"},
{"id":157,"name":"Female","city":"Machachi"},
{"id":158,"name":"Female","city":"Jindou"},
{"id":159,"name":"Male","city":"Katuli"},
{"id":160,"name":"Male","city":"Champagnole"},
{"id":161,"name":"Male","city":"Tandzut"},
{"id":162,"name":"Male","city":"Shizunai-furukawachō"},
{"id":163,"name":"Male","city":"Parral"},
{"id":164,"name":"Female","city":"Drochia"},
{"id":165,"name":"Female","city":"Golčův Jeníkov"},
{"id":166,"name":"Female","city":"‘Arīqah"},
{"id":167,"name":"Male","city":"Labuhankananga"},
{"id":168,"name":"Male","city":"Dong Liang’erzhuang"},
{"id":169,"name":"Female","city":"Xinmin"},
{"id":170,"name":"Male","city":"Glugur Tengah"},
{"id":171,"name":"Male","city":"Marseille"},
{"id":172,"name":"Female","city":"Doong"},
{"id":173,"name":"Female","city":"Pita"},
{"id":174,"name":"Female","city":"Mengmeng"},
{"id":175,"name":"Male","city":"Huantuo"},
{"id":176,"name":"Male","city":"Neringa"},
{"id":177,"name":"Male","city":"Boguchar"},
{"id":178,"name":"Male","city":"Zhongzhou"},
{"id":179,"name":"Male","city":"Betong"},
{"id":180,"name":"Female","city":"Água Retorta"},
{"id":181,"name":"Male","city":"Saari"},
{"id":182,"name":"Male","city":"Purac"},
{"id":183,"name":"Male","city":"Ore"},
{"id":184,"name":"Female","city":"Santa Venera"},
{"id":185,"name":"Female","city":"As Sawdā"},
{"id":186,"name":"Female","city":"Balangpule"},
{"id":187,"name":"Male","city":"Weiguo"},
{"id":188,"name":"Male","city":"Granada"},
{"id":189,"name":"Male","city":"Sukowidodo Barat"},
{"id":190,"name":"Female","city":"Edsbyn"},
{"id":191,"name":"Female","city":"Oslo"},
{"id":192,"name":"Male","city":"Kut Rang"},
{"id":193,"name":"Male","city":"San Jose"},
{"id":194,"name":"Male","city":"Citangtu Kaler"},
{"id":195,"name":"Female","city":"Baoshan"},
{"id":196,"name":"Female","city":"Jiblah"},
{"id":197,"name":"Male","city":"Tammela"},
{"id":198,"name":"Female","city":"Katoúna"},
{"id":199,"name":"Female","city":"Breves"},
{"id":200,"name":"Female","city":"Pedro Leopoldo"},
{"id":201,"name":"Female","city":"Santulhão"},
{"id":202,"name":"Male","city":"Leceia"},
{"id":203,"name":"Male","city":"Marneuli"},
{"id":204,"name":"Male","city":"Cibitungmasjid"},
{"id":205,"name":"Female","city":"Pathum Thani"},
{"id":206,"name":"Female","city":"Honggang"},
{"id":207,"name":"Male","city":"Zaandam"},
{"id":208,"name":"Female","city":"Richmond"},
{"id":209,"name":"Male","city":"Bājitpur"},
{"id":210,"name":"Male","city":"Remedios"},
{"id":211,"name":"Female","city":"Panórama"},
{"id":212,"name":"Male","city":"Inderka"},
{"id":213,"name":"Female","city":"Panikian"},
{"id":214,"name":"Male","city":"Tabira"},
{"id":215,"name":"Male","city":"Xugu"},
{"id":216,"name":"Female","city":"Glasnevin"},
{"id":217,"name":"Male","city":"Kuanghe"},
{"id":218,"name":"Female","city":"Mikrókampos"},
{"id":219,"name":"Male","city":"Huangyang"},
{"id":220,"name":"Male","city":"Al Marj"},
{"id":221,"name":"Male","city":"Kadoma"},
{"id":222,"name":"Female","city":"Pansoy"},
{"id":223,"name":"Female","city":"Dhuusamarreeb"},
{"id":224,"name":"Female","city":"Douane"},
{"id":225,"name":"Female","city":"Essen"},
{"id":226,"name":"Female","city":"Naikoten Dua"},
{"id":227,"name":"Male","city":"Maoya"},
{"id":228,"name":"Male","city":"Ya’ngan"},
{"id":229,"name":"Male","city":"Laju Kidul"},
{"id":230,"name":"Male","city":"Handa"},
{"id":231,"name":"Male","city":"Bakıxanov"},
{"id":232,"name":"Male","city":"Berea"},
{"id":233,"name":"Male","city":"Prabuty"},
{"id":234,"name":"Male","city":"Jinchang"},
{"id":235,"name":"Female","city":"Kathu"},
{"id":236,"name":"Female","city":"Carbajales"},
{"id":237,"name":"Male","city":"Pervomayskiy"},
{"id":238,"name":"Male","city":"San Diego"},
{"id":239,"name":"Male","city":"Labège"},
{"id":240,"name":"Female","city":"Sanxi"},
{"id":241,"name":"Male","city":"Tunggulsari"},
{"id":242,"name":"Female","city":"Shaguotun"},
{"id":243,"name":"Male","city":"Sangke"},
{"id":244,"name":"Male","city":"Vancouver"},
{"id":245,"name":"Female","city":"Kalayemule"},
{"id":246,"name":"Male","city":"Tamaki"},
{"id":247,"name":"Male","city":"Bajram Curri"},
{"id":248,"name":"Female","city":"Malanday"},
{"id":249,"name":"Male","city":"Outokumpu"},
{"id":250,"name":"Female","city":"Fenoarivo Be"},
{"id":251,"name":"Female","city":"Kumba"},
{"id":252,"name":"Male","city":"Chaupimarca"},
{"id":253,"name":"Female","city":"Vrbas"},
{"id":254,"name":"Male","city":"Burgersdorp"},
{"id":255,"name":"Male","city":"Twante"},
{"id":256,"name":"Male","city":"Shibīn al Kawm"},
{"id":257,"name":"Male","city":"Turrialba"},
{"id":258,"name":"Female","city":"Tukums"},
{"id":259,"name":"Female","city":"Kamina"},
{"id":260,"name":"Male","city":"Wilkołaz"},
{"id":261,"name":"Male","city":"Quinta dos Frades"},
{"id":262,"name":"Male","city":"Nové Strašecí"},
{"id":263,"name":"Female","city":"Pingzhuang"},
{"id":264,"name":"Male","city":"Ollachea"},
{"id":265,"name":"Male","city":"Wutan"},
{"id":266,"name":"Male","city":"Jiangxigou"},
{"id":267,"name":"Male","city":"Buenos Aires"},
{"id":268,"name":"Female","city":"Gustavsberg"},
{"id":269,"name":"Female","city":"Patong"},
{"id":270,"name":"Female","city":"Kota Kinabalu"},
{"id":271,"name":"Female","city":"Topi"},
{"id":272,"name":"Male","city":"Botlhapatlou"},
{"id":273,"name":"Male","city":"Baofeng"},
{"id":274,"name":"Female","city":"San Jerónimo"},
{"id":275,"name":"Male","city":"Lianhe"},
{"id":276,"name":"Male","city":"Västerås"},
{"id":277,"name":"Female","city":"Zhangjiafang"},
{"id":278,"name":"Male","city":"Illéla"},
{"id":279,"name":"Female","city":"El Playón"},
{"id":280,"name":"Male","city":"Irbit"},
{"id":281,"name":"Female","city":"Massaranduba"},
{"id":282,"name":"Female","city":"Sundre"},
{"id":283,"name":"Female","city":"Tadabliro"},
{"id":284,"name":"Female","city":"Bali"},
{"id":285,"name":"Male","city":"Yanmenguan"},
{"id":286,"name":"Female","city":"Criação Velha"},
{"id":287,"name":"Male","city":"Kupusina"},
{"id":288,"name":"Male","city":"Popasna"},
{"id":289,"name":"Female","city":"Al Bilād"},
{"id":290,"name":"Female","city":"Odienné"},
{"id":291,"name":"Male","city":"Lopatinskiy"},
{"id":292,"name":"Male","city":"Tianzhen"},
{"id":293,"name":"Female","city":"Presa"},
{"id":294,"name":"Male","city":"Araxá"},
{"id":295,"name":"Female","city":"Belas"},
{"id":296,"name":"Male","city":"Nykarleby"},
{"id":297,"name":"Male","city":"Margita"},
{"id":298,"name":"Male","city":"Sumberkertokrajan"},
{"id":299,"name":"Male","city":"Goragorskiy"},
{"id":300,"name":"Female","city":"Trbovlje"},
{"id":301,"name":"Male","city":"Stockholm"},
{"id":302,"name":"Male","city":"Macau"},
{"id":303,"name":"Female","city":"Sanjia"},
{"id":304,"name":"Female","city":"Kramsk"},
{"id":305,"name":"Female","city":"Vrtojba"},
{"id":306,"name":"Male","city":"Causip"},
{"id":307,"name":"Male","city":"Nevyts’ke"},
{"id":308,"name":"Female","city":"Svoge"},
{"id":309,"name":"Male","city":"Dungang"},
{"id":310,"name":"Male","city":"Balitai"},
{"id":311,"name":"Male","city":"Makabe"},
{"id":312,"name":"Male","city":"Yanzhao"},
{"id":313,"name":"Female","city":"Hamburg"},
{"id":314,"name":"Male","city":"Pudoc North"},
{"id":315,"name":"Male","city":"Dayan"},
{"id":316,"name":"Male","city":"Purong"},
{"id":317,"name":"Female","city":"Plewiska"},
{"id":318,"name":"Male","city":"Beloeil"},
{"id":319,"name":"Male","city":"Barlinek"},
{"id":320,"name":"Female","city":"La Oroya"},
{"id":321,"name":"Female","city":"Ereira"},
{"id":322,"name":"Male","city":"Río Alejandro"},
{"id":323,"name":"Male","city":"Jacinto Arauz"},
{"id":324,"name":"Male","city":"Barajevo"},
{"id":325,"name":"Male","city":"Ikeda"},
{"id":326,"name":"Female","city":"Vychegodskiy"},
{"id":327,"name":"Male","city":"Xiahong"},
{"id":328,"name":"Male","city":"Marneuli"},
{"id":329,"name":"Female","city":"Jinshandian"},
{"id":330,"name":"Male","city":"Al ‘Āliyah"},
{"id":331,"name":"Male","city":"Santa Teresa"},
{"id":332,"name":"Male","city":"Miaoxi"},
{"id":333,"name":"Female","city":"Gualán"},
{"id":334,"name":"Female","city":"Shadili"},
{"id":335,"name":"Male","city":"Wengyang"},
{"id":336,"name":"Male","city":"San Juan de Colón"},
{"id":337,"name":"Female","city":"San Agustin"},
{"id":338,"name":"Female","city":"Norrköping"},
{"id":339,"name":"Female","city":"Najd al Jumā‘ī"},
{"id":340,"name":"Male","city":"Kashira"},
{"id":341,"name":"Female","city":"Bobigny"},
{"id":342,"name":"Male","city":"Jabłonowo Pomorskie"},
{"id":343,"name":"Male","city":"Ashley"},
{"id":344,"name":"Female","city":"Sydney"},
{"id":345,"name":"Male","city":"Nanfeng"},
{"id":346,"name":"Male","city":"Tatrang"},
{"id":347,"name":"Male","city":"Carpentras"},
{"id":348,"name":"Female","city":"Hoxtolgay"},
{"id":349,"name":"Male","city":"Meishan"},
{"id":350,"name":"Female","city":"Nugas"},
{"id":351,"name":"Male","city":"Belopa"},
{"id":352,"name":"Female","city":"Lalapanzi"},
{"id":353,"name":"Male","city":"Stockholm"},
{"id":354,"name":"Male","city":"Keumala"},
{"id":355,"name":"Male","city":"Santa Eulalia"},
{"id":356,"name":"Female","city":"Vília"},
{"id":357,"name":"Female","city":"Buchou"},
{"id":358,"name":"Female","city":"Vista Hermosa"},
{"id":359,"name":"Male","city":"Senadan"},
{"id":360,"name":"Female","city":"Tozeur"},
{"id":361,"name":"Female","city":"Bochov"},
{"id":362,"name":"Female","city":"Tolosa"},
{"id":363,"name":"Male","city":"Khovd"},
{"id":364,"name":"Male","city":"Bayaguana"},
{"id":365,"name":"Male","city":"Mikhaylovskoye"},
{"id":366,"name":"Female","city":"Ribeirão Preto"},
{"id":367,"name":"Male","city":"Neni"},
{"id":368,"name":"Male","city":"Stockholm"},
{"id":369,"name":"Female","city":"Wonotirto"},
{"id":370,"name":"Female","city":"Matsudo"},
{"id":371,"name":"Female","city":"Sucha"},
{"id":372,"name":"Female","city":"Hāgere Selam"},
{"id":373,"name":"Female","city":"Taiping"},
{"id":374,"name":"Female","city":"Zamora"},
{"id":375,"name":"Male","city":"Temryuk"},
{"id":376,"name":"Female","city":"Tanshan"},
{"id":377,"name":"Male","city":"Neftegorsk"},
{"id":378,"name":"Male","city":"Palykavichy Pyershyya"},
{"id":379,"name":"Female","city":"Guantian"},
{"id":380,"name":"Male","city":"Mitsuke"},
{"id":381,"name":"Female","city":"Smyga"},
{"id":382,"name":"Female","city":"Gaide"},
{"id":383,"name":"Female","city":"Torino"},
{"id":384,"name":"Male","city":"Ngembul"},
{"id":385,"name":"Female","city":"Jihui"},
{"id":386,"name":"Female","city":"Senta"},
{"id":387,"name":"Male","city":"Daxi"},
{"id":388,"name":"Male","city":"Yitulihe"},
{"id":389,"name":"Male","city":"Taltal"},
{"id":390,"name":"Male","city":"Mianay"},
{"id":391,"name":"Male","city":"Sagopshi"},
{"id":392,"name":"Male","city":"Wanmingang"},
{"id":393,"name":"Female","city":"Olsztyn"},
{"id":394,"name":"Male","city":"Gununganyar"},
{"id":395,"name":"Female","city":"Hedi"},
{"id":396,"name":"Female","city":"Mundybash"},
{"id":397,"name":"Male","city":"Zhongxin"},
{"id":398,"name":"Male","city":"Rentian"},
{"id":399,"name":"Female","city":"Ulricehamn"},
{"id":400,"name":"Female","city":"Ban Haet"},
{"id":401,"name":"Male","city":"Jardim"},
{"id":402,"name":"Female","city":"Santa Maria"},
{"id":403,"name":"Male","city":"Yun’an"},
{"id":404,"name":"Female","city":"Guatire"},
{"id":405,"name":"Male","city":"Merton"},
{"id":406,"name":"Female","city":"Padasono"},
{"id":407,"name":"Female","city":"Naga"},
{"id":408,"name":"Female","city":"Labège"},
{"id":409,"name":"Male","city":"Kabankalan"},
{"id":410,"name":"Female","city":"Cermee"},
{"id":411,"name":"Male","city":"Kosti"},
{"id":412,"name":"Female","city":"Amaury"},
{"id":413,"name":"Male","city":"Lakkha Nëvre"},
{"id":414,"name":"Female","city":"Selce"},
{"id":415,"name":"Male","city":"Dolní Rychnov"},
{"id":416,"name":"Female","city":"Şuwayr"},
{"id":417,"name":"Male","city":"Sarapul"},
{"id":418,"name":"Male","city":"Madrid"},
{"id":419,"name":"Male","city":"Batur Kidul"},
{"id":420,"name":"Female","city":"Gonzalo"},
{"id":421,"name":"Female","city":"Dukuhbadag"},
{"id":422,"name":"Male","city":"Pag-asa"},
{"id":423,"name":"Male","city":"Oslo"},
{"id":424,"name":"Male","city":"Żarki"},
{"id":425,"name":"Female","city":"Ramos West"},
{"id":426,"name":"Female","city":"Altos"},
{"id":427,"name":"Female","city":"Triandría"},
{"id":428,"name":"Female","city":"Dongjiahe"},
{"id":429,"name":"Female","city":"Leiden"},
{"id":430,"name":"Male","city":"Besançon"},
{"id":431,"name":"Male","city":"Irahuan"},
{"id":432,"name":"Female","city":"Corrego Grande"},
{"id":433,"name":"Female","city":"Sainte-Sophie"},
{"id":434,"name":"Female","city":"Yŏnmu"},
{"id":435,"name":"Female","city":"Askiz"},
{"id":436,"name":"Male","city":"Paris La Défense"},
{"id":437,"name":"Female","city":"Xinhuang"},
{"id":438,"name":"Female","city":"Épinal"},
{"id":439,"name":"Female","city":"Sūq Şirwāḩ"},
{"id":440,"name":"Female","city":"Chame"},
{"id":441,"name":"Male","city":"Maticmatic"},
{"id":442,"name":"Male","city":"Bernay"},
{"id":443,"name":"Female","city":"North Shore"},
{"id":444,"name":"Female","city":"Hachinohe"},
{"id":445,"name":"Male","city":"Thành Phố Hạ Long"},
{"id":446,"name":"Male","city":"Open Stage"},
{"id":447,"name":"Female","city":"Ramat Gan"},
{"id":448,"name":"Female","city":"Lacdayan"},
{"id":449,"name":"Male","city":"San Nicolas"},
{"id":450,"name":"Female","city":"Huarong Chengguanzhen"},
{"id":451,"name":"Female","city":"Westport"},
{"id":452,"name":"Male","city":"Lianga"},
{"id":453,"name":"Female","city":"Imbituva"},
{"id":454,"name":"Male","city":"Estância"},
{"id":455,"name":"Female","city":"Khafizan"},
{"id":456,"name":"Female","city":"Sumberkemuning"},
{"id":457,"name":"Male","city":"At-Bashi"},
{"id":458,"name":"Male","city":"Baiima"},
{"id":459,"name":"Male","city":"Valença"},
{"id":460,"name":"Female","city":"Demerval Lobão"},
{"id":461,"name":"Male","city":"Koshki"},
{"id":462,"name":"Male","city":"San Joaquin"},
{"id":463,"name":"Female","city":"Kuala Lumpur"},
{"id":464,"name":"Male","city":"Bāzārak"},
{"id":465,"name":"Female","city":"Nonoichi"},
{"id":466,"name":"Female","city":"Taboc"},
{"id":467,"name":"Male","city":"Tanzhou"},
{"id":468,"name":"Male","city":"San Pablo"},
{"id":469,"name":"Male","city":"Yezhi"},
{"id":470,"name":"Female","city":"Huagai"},
{"id":471,"name":"Male","city":"Rokytne"},
{"id":472,"name":"Female","city":"Hukvaldy"},
{"id":473,"name":"Male","city":"Bradashesh"},
{"id":474,"name":"Male","city":"Sukadana"},
{"id":475,"name":"Male","city":"Qiqian"},
{"id":476,"name":"Male","city":"Guangfu"},
{"id":477,"name":"Male","city":"Ivatsevichy"},
{"id":478,"name":"Female","city":"Sukorejo"},
{"id":479,"name":"Female","city":"La Mohammedia"},
{"id":480,"name":"Female","city":"Taibai"},
{"id":481,"name":"Male","city":"Montréal-Est"},
{"id":482,"name":"Male","city":"Lenīnskīy"},
{"id":483,"name":"Male","city":"Paris 09"},
{"id":484,"name":"Female","city":"Nobinobi"},
{"id":485,"name":"Male","city":"Lama"},
{"id":486,"name":"Male","city":"Kalemie"},
{"id":487,"name":"Male","city":"Ketara"},
{"id":488,"name":"Male","city":"Río Gallegos"},
{"id":489,"name":"Male","city":"Talok"},
{"id":490,"name":"Female","city":"Akureyri"},
{"id":491,"name":"Male","city":"Décines-Charpieu"},
{"id":492,"name":"Male","city":"Aquidauana"},
{"id":493,"name":"Male","city":"Sidomulyo"},
{"id":494,"name":"Female","city":"Zhijiang"},
{"id":495,"name":"Female","city":"Karanganyar"},
{"id":496,"name":"Female","city":"El Puente"},
{"id":497,"name":"Female","city":"Weizhou"},
{"id":498,"name":"Male","city":"Horta"},
{"id":499,"name":"Female","city":"Wydminy"},
{"id":500,"name":"Male","city":"San Marcos"}]